transaction_id,timestamp,account_number,transaction_type,amount,merchant_code,recipient_account,is_flagged
2ce234bc-b0b9-41ff-b140-5b6f714c0789,2024-12-23T16:26:07.370881,ACCT-77718113,TRANSFER,480.2,,ACCT-39373098,false
259cdc8b-37c4-43de-8661-6a1a99f735bc,2024-12-24T02:23:15.370881,ACCT-61216483,WITHDRAWAL,131.36,,,false
5b3fab4b-6d29-464b-9a96-95536f7ff6eb,2024-12-25T13:58:53.370881,ACCT-73019227,WITHDRAWAL,445.85,,,false
2cccd0dc-ecf5-4a3a-8471-0ea9d43307f3,2024-12-25T15:38:30.370881,ACCT-61049884,DEPOSIT,2776.57,,,false
6387bf0d-af44-49cf-ada3-8ad9b690844f,2024-12-25T22:07:39.370881,ACCT-47572011,DEPOSIT,1263.8,,,false
f53a7d88-b4b0-4762-8477-54814d6f0b1e,2024-12-26T04:50:17.370881,ACCT-65525050,TRANSFER,1805.63,,ACCT-54701763,false
b551dcb2-c2ef-45c0-aefb-47a6cafd2b44,2024-12-26T04:58:45.370881,ACCT-80521843,DEPOSIT,4252.31,,,false
c55f922e-6354-4b80-a7fb-16412edd02b0,2024-12-26T09:07:01.370881,ACCT-51111225,WITHDRAWAL,495.02,,,false
84927b89-e1f0-4d73-8a11-33ccc7f9ea29,2024-12-27T07:12:35.370881,ACCT-24664821,WITHDRAWAL,203.36,,,false
03085dbf-4f1c-43ba-9ce7-7dd992a7c4d3,2024-12-27T21:08:24.370881,ACCT-23454911,PAYMENT,596.68,TRAVEL-6847,,false
4964b514-e1cc-47b5-be5f-db965a124857,2024-12-28T00:58:36.370881,ACCT-39444934,TRANSFER,621.1,,ACCT-19007209,false
919a5cc3-2a1f-4849-977d-e97d81eaf073,2024-12-28T19:10:23.370881,ACCT-47710706,WITHDRAWAL,62.32,,,false
fbea7b50-d2ba-4bfe-a9da-e64fdc2296c1,2024-12-28T22:21:02.370881,ACCT-50847246,TRANSFER,1675.79,,ACCT-56648485,false
f19773a6-4208-4e53-a77c-cd4dd821f822,2024-12-29T03:36:59.370881,ACCT-61049884,WITHDRAWAL,247.6,,,false
5e2b5ff8-ff06-4978-91c8-d67ce26fcc3c,2024-12-29T08:36:22.370881,ACCT-19318406,WITHDRAWAL,489.36,,,false
6e54d400-e375-4fe7-b1d2-65d84e72d722,2024-12-29T08:51:32.370881,ACCT-38974768,WITHDRAWAL,294.43,,,false
c5e498e5-6e2c-4352-ba45-bbf90790980b,2024-12-29T09:45:55.370881,ACCT-17549530,PAYMENT,104.02,ENTERTAINMENT-5552,,false
a0ca948c-86ca-4103-af48-e4826a219401,2024-12-29T10:23:26.370881,ACCT-38984882,PAYMENT,154.7,TRAVEL-1341,,false
5e193cfe-50a2-4516-af38-166687ed90e6,2024-12-29T12:19:16.370881,ACCT-95403309,WITHDRAWAL,61.38,,,false
2d1fc019-4f96-4875-b83d-4f6a5388edf9,2024-12-29T12:58:48.370881,ACCT-77554083,WITHDRAWAL,9641.09,,,true
a8743df0-3d3e-421d-b676-1816dd161d94,2024-12-29T13:48:39.370881,ACCT-91597519,TRANSFER,195.81,,ACCT-33034740,false
133792e3-aac8-4770-ab49-5c9d4582a2d2,2024-12-29T14:58:44.370881,ACCT-99895150,TRANSFER,74.81,,ACCT-50459051,false
ba54ed05-8f41-41f9-b30c-c94d0faf9580,2024-12-29T15:15:23.370881,ACCT-50459051,WITHDRAWAL,305.41,,,false
7c3088e2-32a8-4997-9f4e-ed924af4efcc,2024-12-29T21:10:43.370881,ACCT-79599064,PAYMENT,896.87,UTILITY-2685,,false
570d132a-c96c-4c4a-94dc-9e9bda435cea,2024-12-30T00:02:03.370881,ACCT-92503992,DEPOSIT,1059.99,,,false
c652809b-c828-4402-8195-753b9e5e2c7e,2024-12-30T14:11:00.370881,ACCT-38984882,DEPOSIT,1682.39,,,false
b814b5f8-fa59-4ce2-bb75-b86200f4276a,2024-12-30T14:43:25.370881,ACCT-45591896,WITHDRAWAL,395.35,,,false
4a21f818-6e80-4696-966e-70479bdbca77,2024-12-30T19:11:52.370881,ACCT-30875391,DEPOSIT,891.54,,,false
60163977-bfe3-4b0c-91e2-ff2b8b9ea020,2024-12-30T19:51:35.370881,ACCT-26972464,DEPOSIT,1062.26,,,false
31e5d80c-7c1f-4505-921e-83b075e1a53f,2024-12-30T22:13:34.370881,ACCT-52995320,TRANSFER,1603.22,,ACCT-58725413,false
031e377f-a467-4cc8-8a70-09b378613f05,2024-12-31T02:24:22.370881,ACCT-36822353,PAYMENT,816.86,OTHER-7174,,false
719fe09b-fb44-49a2-9e1b-60caeba36323,2024-12-31T06:09:10.370881,ACCT-50459051,TRANSFER,785.45,,ACCT-34338150,false
76878e44-200d-4211-8e43-4d751e486388,2024-12-31T11:55:55.370881,ACCT-47572011,TRANSFER,905.94,,ACCT-30842715,true
ac6b1cbf-8db1-46b9-9637-b74a96fa2cd9,2024-12-31T12:05:39.370881,ACCT-48762641,DEPOSIT,2075.91,,,false
6fcd35b9-2188-44e3-971d-08c5bf90867f,2024-12-31T21:36:54.370881,ACCT-83825707,DEPOSIT,4379.98,,,false
caee3567-9305-4467-bf27-f8b7cb519ec8,2025-01-01T06:38:19.370881,ACCT-39605782,DEPOSIT,1005.33,,,false
99d6ede6-5390-4894-8ae3-9cbd9aef5073,2025-01-01T09:21:10.370881,ACCT-61049884,DEPOSIT,781.51,,,false
3f1775a8-5465-4a1b-ba7c-e0ae5a4e8f71,2025-01-01T10:55:40.370881,ACCT-65525050,PAYMENT,83.3,GROCERY-4671,,false
578b5567-845a-41fa-b110-03414d4e6aa4,2025-01-01T15:42:14.370881,ACCT-39605782,TRANSFER,1831.5,,ACCT-29089481,false
46fa69da-bd78-42fd-82a2-94c409987e79,2025-01-01T20:50:39.370881,ACCT-77718113,PAYMENT,274.77,GROCERY-2782,,false
8e12aa35-2f29-4c54-ae99-8dfa9528b4dc,2025-01-02T08:51:15.370881,ACCT-21314215,PAYMENT,740.15,RETAIL-3076,,false
0d8976d9-243f-436e-ba2d-45c6a44f68eb,2025-01-02T10:08:53.370881,ACCT-56593971,TRANSFER,1760.02,,ACCT-36774682,false
fed147cb-e2a7-4ba7-893a-5aaa07d09d15,2025-01-02T13:42:58.370881,ACCT-29239698,PAYMENT,246.98,OTHER-7676,,false
2811c39d-8ef6-459d-ba57-51caf566392f,2025-01-02T15:59:22.370881,ACCT-20350211,TRANSFER,1455.28,,ACCT-57836015,false
7a16a0b0-6635-44a6-ba92-fce523c482d4,2025-01-02T18:55:19.370881,ACCT-43183513,WITHDRAWAL,617.28,,,true
dfe658cc-f232-489b-8430-caac4b1ccffa,2025-01-02T20:52:43.370881,ACCT-62820630,DEPOSIT,4202.28,,,false
ed5b8f90-5fdb-4ba3-9fb3-aa14632c6f6d,2025-01-02T22:03:02.370881,ACCT-24664821,TRANSFER,640.14,,ACCT-26191148,false
2ecf9702-d579-4415-87ec-3b4fbb63de69,2025-01-03T07:06:56.370881,ACCT-45591896,TRANSFER,788.96,,ACCT-74869828,false
059cc132-479c-4984-a9cf-28506e16a114,2025-01-03T21:08:11.370881,ACCT-50505261,TRANSFER,1446.09,,ACCT-27105545,false
84101c71-bfcd-4c9e-8efa-922d2411ba95,2025-01-04T00:04:34.370881,ACCT-48762641,TRANSFER,88063.46,,ACCT-52995320,true
e1987eb4-bee7-4caf-bf47-8bd28e2fe94e,2025-01-04T02:56:57.370881,ACCT-92441006,WITHDRAWAL,92.02,,,false
f3ce45c9-234d-4120-a3ee-4a194e979689,2025-01-04T05:27:05.370881,ACCT-80521843,TRANSFER,1769.87,,ACCT-74869828,false
16a88bc4-a410-425a-a22e-1fbb7cb66021,2025-01-04T13:50:20.370881,ACCT-35341001,DEPOSIT,4277.51,,,false
2d985565-0df8-42a1-a119-25de7bbf9c26,2025-01-04T14:18:28.370881,ACCT-47710706,DEPOSIT,4579.19,,,false
88682a02-b637-41d1-85ff-cc69e3da779e,2025-01-04T21:25:22.370881,ACCT-28116729,WITHDRAWAL,367.04,,,false
2ddc4a49-aa8a-4777-89ec-41bead886986,2025-01-04T22:58:26.370881,ACCT-50899195,PAYMENT,237.07,DINING-9576,,false
806d32f5-8c6c-446e-a05e-a2e6fbdfe4da,2025-01-05T00:24:54.370881,ACCT-31544476,DEPOSIT,3123.76,,,false
2171b4a5-fff3-45af-82cd-1b369c220204,2025-01-05T08:51:51.370881,ACCT-49053704,WITHDRAWAL,24480.12,,,true
0578500b-7b5b-4d4f-adcc-1588bf97f2db,2025-01-05T09:28:23.370881,ACCT-27105545,PAYMENT,929.54,UTILITY-9965,,false
74ea4726-b9a8-4834-be93-4fa44370b4fa,2025-01-05T09:43:45.370881,ACCT-27105545,DEPOSIT,2315.11,,,false
457d6ef4-8635-4275-88b1-a90a673223e0,2025-01-05T13:34:39.370881,ACCT-19930001,TRANSFER,126.39,,ACCT-23454911,false
aac4dd2a-1b85-4946-9909-14047528f316,2025-01-05T14:47:32.370881,ACCT-47710706,WITHDRAWAL,197.94,,,false
25fd7f55-e704-453e-8808-4178547b6ccb,2025-01-05T18:57:32.370881,ACCT-68336777,TRANSFER,1336.75,,ACCT-24664821,false
dcb496b5-a196-4a76-9619-021585ee325a,2025-01-05T22:02:47.370881,ACCT-74827833,TRANSFER,733.8,,ACCT-56593971,false
c9a0b8ad-fdc6-4a8f-8977-b13d97ddfb9d,2025-01-06T09:26:16.370881,ACCT-50619663,TRANSFER,1287.09,,ACCT-77554083,false
884c4034-bf7d-4b35-a60c-c5d2c7517360,2025-01-06T15:33:43.370881,ACCT-40963701,DEPOSIT,727.66,,,false
aea9cfb5-b207-4498-9c64-dd74c7648a95,2025-01-06T21:28:28.370881,ACCT-21314215,WITHDRAWAL,365.09,,,false
2e7725c8-3efc-48f2-a31d-a0ab89e132d5,2025-01-06T23:06:31.370881,ACCT-88412778,TRANSFER,392.23,,ACCT-93739890,false
90b3cc04-7cca-4c63-914c-c57afa9e5ee3,2025-01-07T01:31:12.370881,ACCT-38974768,WITHDRAWAL,66.89,,,false
ef67a1e2-232d-4a9e-bf91-17ea960a6fe8,2025-01-07T08:33:59.370881,ACCT-29089481,DEPOSIT,4298.88,,,false
cdd53b6f-e1c7-49cc-8d5a-d03641010edf,2025-01-07T13:49:09.370881,ACCT-54701763,TRANSFER,1900.0,,ACCT-35341001,false
7eff19a5-f2b8-4e84-a527-631124b2f45d,2025-01-07T15:29:09.370881,ACCT-43183513,DEPOSIT,1254.75,,,false
fc7f90b9-063a-4e27-886c-ee3ae0ff268b,2025-01-07T19:12:58.370881,ACCT-60563466,WITHDRAWAL,210.72,,,false
8132db42-c1e0-4fc0-8e6c-a9bc0909e97d,2025-01-07T23:05:40.370881,ACCT-79247205,TRANSFER,188.91,,ACCT-89276483,false
289c4dcf-ae9d-44fd-866c-e852f9aa8eb2,2025-01-08T01:30:41.370881,ACCT-79976509,PAYMENT,91.79,UTILITY-2472,,false
36dc0074-8415-4aea-b2fd-845f555821b6,2025-01-08T03:58:26.370881,ACCT-61216483,WITHDRAWAL,327.26,,,false
6f42f426-60e1-4af9-a32a-3fe77dee06ce,2025-01-08T10:31:07.370881,ACCT-29239698,PAYMENT,57.81,GROCERY-6111,,false
a0ecfac6-39cd-4f5f-964f-78d81c0d6326,2025-01-08T12:25:14.370881,ACCT-36822353,WITHDRAWAL,223.33,,,false
e3aadfdf-6794-49a6-a399-32e7b950e68a,2025-01-08T17:30:26.370881,ACCT-43183513,DEPOSIT,2906.36,,,false
3e5f43c9-ff85-463a-bdcc-3f3ab3b2da14,2025-01-09T08:11:54.370881,ACCT-52995320,TRANSFER,973.1,,ACCT-44126297,false
9052533b-7bf2-40b5-94d1-3e368fa069b9,2025-01-09T11:22:57.370881,ACCT-89276483,DEPOSIT,3918.13,,,false
0587af7b-f528-4a8b-810b-05621f545a5d,2025-01-10T02:23:49.370881,ACCT-48795662,DEPOSIT,907.77,,,false
9531c382-bbd1-486c-ab84-8960e3f3d0aa,2025-01-10T08:36:26.370881,ACCT-69865866,WITHDRAWAL,350.97,,,false
9f204d92-fd05-4a70-968e-7cd519ecdb3d,2025-01-10T12:24:36.370881,ACCT-19007209,TRANSFER,1284.42,,ACCT-83825707,false
ac69df4a-e3c2-4581-b62f-75ef94d82409,2025-01-10T16:43:09.370881,ACCT-38974768,PAYMENT,367.68,ENTERTAINMENT-1142,,false
58a31b71-cb1f-4bfa-b202-4724abe93c3d,2025-01-10T16:53:21.370881,ACCT-38470133,TRANSFER,1900.63,,ACCT-76165651,false
304053af-a82b-430e-963c-1b17f05ea18a,2025-01-10T18:04:20.370881,ACCT-92503992,WITHDRAWAL,385.26,,,false
0a99a223-1c87-4432-a0c4-815e45224633,2025-01-10T19:14:29.370881,ACCT-70744888,PAYMENT,4022.23,SUSPICIOUS-6384,,true
77d2e1a9-4137-4e34-8de8-51899840537a,2025-01-10T20:07:30.370881,ACCT-96217084,WITHDRAWAL,208.62,,,false
7ca717f1-dd6d-43e1-8915-f60666989cd8,2025-01-10T20:49:22.370881,ACCT-50505261,WITHDRAWAL,42200.92,,,true
99b647cc-005f-468d-aff8-19cf9d729042,2025-01-10T22:17:26.370881,ACCT-81700422,PAYMENT,883.34,SUSPICIOUS-3302,,true
3be3d487-ab94-441a-bdcb-13087911e50e,2025-01-11T01:59:44.370881,ACCT-31544476,WITHDRAWAL,47.97,,,false
09b7882b-2681-406b-8810-6d04b7e3c1cc,2025-01-11T03:38:41.370881,ACCT-26348472,TRANSFER,1268.76,,ACCT-30875391,false
80d61399-4cf6-439e-8ae9-8890657b2b26,2025-01-11T09:23:12.370881,ACCT-36774682,TRANSFER,597.92,,ACCT-45591896,false
b021cb06-343a-4c4d-82f0-3e2d74e731aa,2025-01-11T15:47:51.370881,ACCT-79247205,TRANSFER,191.98,,ACCT-26972464,false
1dfcf55e-8f9b-46e0-9b23-68ab45d712f8,2025-01-11T23:22:06.370881,ACCT-29089481,TRANSFER,487.16,,ACCT-86085000,false
c4fb1d1b-8fb3-48f3-88a4-135e5abfafde,2025-01-12T02:42:47.370881,ACCT-19930001,TRANSFER,325.38,,ACCT-51111225,false
6c46f69c-3eaf-4142-ae7e-d686124cdc9a,2025-01-12T02:45:28.370881,ACCT-58601071,PAYMENT,490.21,UTILITY-3452,,false
fb8e85e6-4fff-4d80-8622-23105ba273ea,2025-01-12T13:43:49.370881,ACCT-56593971,DEPOSIT,3892.28,,,false
f77015cf-4d85-40ca-9893-09a050ce589f,2025-01-12T15:06:41.370881,ACCT-99895150,WITHDRAWAL,76.58,,,false
54849b8c-c90d-4764-8d79-c03fede0bb1d,2025-01-12T21:11:16.370881,ACCT-20350211,PAYMENT,378.62,OTHER-9800,,false
941f5d55-34a7-4679-889f-4908de7cdf45,2025-01-13T12:24:48.370881,ACCT-57836557,PAYMENT,837.64,OTHER-3494,,false
6fd79ce2-0549-4b9f-930e-0f077e981f73,2025-01-13T14:56:24.370881,ACCT-80521843,WITHDRAWAL,289.61,,,false
a5cd9fe0-1ef6-45ba-9377-f0c044a817f7,2025-01-14T01:39:18.370881,ACCT-89276483,WITHDRAWAL,315.15,,,false
6a3d0403-4ad6-4fc9-8510-90a56824f8e2,2025-01-14T02:27:59.370881,ACCT-26972464,PAYMENT,183.77,GROCERY-4811,,false
df37df40-7f25-496e-b409-181165b9c2b5,2025-01-14T04:07:16.370881,ACCT-26191148,WITHDRAWAL,194.09,,,false
ce91d92d-e8e2-4791-b691-147df7c3a1ab,2025-01-14T10:10:37.370881,ACCT-49272760,TRANSFER,995.39,,ACCT-51357227,false
0fe182e6-4872-4ca1-be9a-ed157d1354df,2025-01-14T21:32:26.370881,ACCT-66745012,TRANSFER,526.25,,ACCT-26972464,false
c72b8e90-cd12-4948-8c70-7ffed8fe97c1,2025-01-15T02:12:49.370881,ACCT-29089481,WITHDRAWAL,35.78,,,false
a74b8519-587a-4691-a9cb-20f4cc352a7c,2025-01-15T02:37:46.370881,ACCT-58867709,WITHDRAWAL,306.28,,,false
4137a805-cbe0-4802-8a55-d2ec66076a42,2025-01-15T09:19:35.370881,ACCT-29239698,PAYMENT,566.64,ENTERTAINMENT-5942,,false
57526d9e-fed3-4706-a5ad-0e8e0a2a8630,2025-01-15T11:56:01.370881,ACCT-69865866,TRANSFER,1667.1,,ACCT-51111225,false
e2ee1f51-89cb-4593-9cbf-15f7513ebf1a,2025-01-15T12:39:58.370881,ACCT-59947824,TRANSFER,1637.68,,ACCT-52995320,false
24a90447-c640-490f-94a2-12360ab79205,2025-01-15T12:47:32.370881,ACCT-77718113,TRANSFER,515.62,,ACCT-74827833,true
f05fb6ea-b8b4-4f33-b896-48211132d9e9,2025-01-15T20:44:16.370881,ACCT-58867709,TRANSFER,779.01,,ACCT-41634561,false
bd81043b-8a6f-4478-a9af-11d50278db9b,2025-01-15T23:38:21.370881,ACCT-80521843,TRANSFER,36.77,,ACCT-38984882,false
a265a8b4-1162-4dff-a0e3-a1714e27d090,2025-01-16T01:56:46.370881,ACCT-70744888,WITHDRAWAL,206.89,,,false
c9224ea8-c8a5-427c-8d36-fb1a1944d9ea,2025-01-16T03:51:09.370881,ACCT-74869828,TRANSFER,726.68,,ACCT-79599064,true
63432616-0aed-4273-a83b-e6cb93876e71,2025-01-16T06:52:08.370881,ACCT-95403309,DEPOSIT,1846.98,,,false
a0d9569a-6571-478c-b4a6-abbb499a212d,2025-01-16T10:43:17.370881,ACCT-26191148,WITHDRAWAL,368.97,,,false
f361877d-18e2-42f6-b9fa-c8d0485c4bba,2025-01-16T12:15:39.370881,ACCT-58725413,WITHDRAWAL,56.27,,,false
725dd9cb-bb20-4577-a818-808495ee72a5,2025-01-16T13:18:21.370881,ACCT-56593971,WITHDRAWAL,275.02,,,false
cd83c32a-9687-42c3-83bf-71c4be6a4e27,2025-01-17T02:13:16.370881,ACCT-51057117,TRANSFER,671.84,,ACCT-89276483,false
8c78e200-06dd-4982-9e39-1010b41f48f3,2025-01-17T03:35:49.370881,ACCT-99895150,WITHDRAWAL,410.69,,,false
78393f83-424b-4e01-a795-f150487d7c20,2025-01-17T13:22:10.370881,ACCT-88412778,DEPOSIT,1879.57,,,false
7b2b106c-7704-4820-ba46-ee2f421a042c,2025-01-17T14:04:36.370881,ACCT-39444934,PAYMENT,388.71,UTILITY-1460,,false
a9ce0653-0ff4-4fd4-b9cc-c9b90accc5e4,2025-01-17T14:57:27.370881,ACCT-24664821,PAYMENT,204.01,GROCERY-8227,,false
dee22635-06a8-47f4-97b7-77fac4a82471,2025-01-17T16:03:19.370881,ACCT-99895150,TRANSFER,811.52,,ACCT-67970597,false
92b2a407-1051-4585-8c29-3f06defe47d2,2025-01-17T16:22:52.370881,ACCT-73019227,WITHDRAWAL,345.68,,,false
090ea017-598b-409a-8dfd-7cad38ae6434,2025-01-18T00:21:19.370881,ACCT-89276483,WITHDRAWAL,499.69,,,false
dc331102-32cb-45fe-9474-85bff6e8d0b4,2025-01-18T00:39:35.370881,ACCT-92503992,PAYMENT,854.87,TRAVEL-1478,,true
f0cfa46a-b838-49fe-b6d7-913d0c5452cb,2025-01-18T04:31:25.370881,ACCT-67970597,WITHDRAWAL,20.24,,,false
8d57c57d-7cac-4120-8ad5-eb6b1a627283,2025-01-18T06:20:33.370881,ACCT-39373098,PAYMENT,661.24,UTILITY-6516,,false
2eabd032-c852-4256-98d7-6b3ed3e95713,2025-01-18T12:08:54.370881,ACCT-74827833,PAYMENT,151.81,RETAIL-3823,,false
f7591696-dceb-4f48-8f08-488c67a2fabc,2025-01-18T13:19:37.370881,ACCT-43183513,TRANSFER,790.2,,ACCT-88412778,false
86ed5d4b-95c0-4c3b-856f-af3034b907b6,2025-01-18T22:48:27.370881,ACCT-92503992,TRANSFER,51794.7,,ACCT-81700422,true
ae392270-7216-4314-87e9-fb31b0354e48,2025-01-19T03:16:40.370881,ACCT-26191148,TRANSFER,439.56,,ACCT-93739890,false
af72a36f-2213-4b97-885e-ee73c9906ee4,2025-01-19T03:43:55.370881,ACCT-91597519,TRANSFER,1842.31,,ACCT-79599064,false
76b67328-f749-4c3c-86f9-010f0d871dda,2025-01-19T07:09:42.370881,ACCT-24664821,WITHDRAWAL,241.34,,,false
f6e5e945-5747-443b-a67a-48bccdfbd9cc,2025-01-19T11:45:36.370881,ACCT-27776032,WITHDRAWAL,434.76,,,false
545db456-c806-42cc-9966-c942f8fb6759,2025-01-19T15:24:45.370881,ACCT-51057117,DEPOSIT,4538.9,,,false
03c1928c-9bea-4620-9b61-0e0cc1a615a3,2025-01-19T22:05:36.370881,ACCT-26191148,WITHDRAWAL,118.05,,,false
918bd1c7-bcc9-4641-b79e-2508288c85b0,2025-01-20T09:35:51.370881,ACCT-58601071,DEPOSIT,2340.59,,,false
7a419d4f-921d-4fec-8fa1-d6041017609b,2025-01-20T12:06:29.370881,ACCT-39444934,PAYMENT,463.34,OTHER-1574,,false
4d1e2a2d-6cb5-4b8a-9423-61adde25edb0,2025-01-20T16:41:11.370881,ACCT-56648485,PAYMENT,181.22,DINING-4967,,false
d551ecbc-9cb1-4e0f-aa2b-96b3db057090,2025-01-20T19:03:36.370881,ACCT-33034740,TRANSFER,46.16,,ACCT-81700422,false
4e15a648-10dd-4444-be29-1b1613817771,2025-01-20T22:44:11.370881,ACCT-73019227,WITHDRAWAL,472.51,,,false
9049c5c1-0290-40d8-8850-6b3b1cfc3519,2025-01-21T02:32:47.370881,ACCT-39373098,TRANSFER,596.15,,ACCT-50505261,false
a99493be-7b6f-4b23-b8f6-9a9e94baa8da,2025-01-21T04:34:45.370881,ACCT-28116729,WITHDRAWAL,43.67,,,false
2fbfbaf4-0adc-450d-b9de-7138c51c232f,2025-01-21T11:53:23.370881,ACCT-26972464,DEPOSIT,4526.84,,,false
b87f299d-30bc-4b74-a8e0-126fd01beaca,2025-01-21T12:45:58.370881,ACCT-50505261,DEPOSIT,726.21,,,false
82a14e32-009f-41bb-a147-2213b12c80a1,2025-01-21T14:26:40.370881,ACCT-58725413,PAYMENT,970.23,DINING-9367,,false
cebc6c43-56bb-43f9-90fa-eb4a7a57ebca,2025-01-21T15:01:00.370881,ACCT-26348472,PAYMENT,98.96,OTHER-9967,,false
b43e123b-0784-46d9-8298-99064d5d5e75,2025-01-21T19:37:26.370881,ACCT-43183513,WITHDRAWAL,71.34,,,false
b70e9f2b-9db2-4e9c-93dc-a966e2ad9062,2025-01-22T12:08:53.370881,ACCT-47710706,PAYMENT,574.4,UTILITY-9446,,false
42ca6ee7-be0f-4f2b-881e-705fa920259c,2025-01-22T16:51:51.370881,ACCT-92867176,PAYMENT,760.0,RETAIL-5831,,false
ea143c34-9f85-48e5-87d9-1b4f90aa8f10,2025-01-22T20:12:54.370881,ACCT-48703687,PAYMENT,381.36,DINING-6217,,false
eede438e-b3ad-4a99-9f0a-7aea25dbd0a1,2025-01-22T20:46:14.370881,ACCT-34338150,WITHDRAWAL,386.38,,,false
947d20f0-56f2-4683-b8c2-a77a9f16a707,2025-01-23T02:04:59.370881,ACCT-80521843,PAYMENT,748.09,TRAVEL-8574,,false
df128ebf-c929-4241-b544-54919d042e54,2025-01-23T03:36:12.370881,ACCT-59947824,DEPOSIT,1212.83,,,false
bae70c13-b7dd-4d78-bddc-eebfa036c439,2025-01-23T06:40:21.370881,ACCT-45591896,PAYMENT,238.28,GROCERY-3001,,false
4345fac1-836d-4000-8eb0-d269be4fda4b,2025-01-23T09:46:17.370881,ACCT-19930001,DEPOSIT,2639.6,,,false
881b6041-47c5-408c-a40e-e27ad28b95e8,2025-01-23T19:20:52.370881,ACCT-49053704,DEPOSIT,3403.74,,,false
00523366-d314-41fd-8edb-475ca1170439,2025-01-24T00:57:38.370881,ACCT-58725413,PAYMENT,278.57,ENTERTAINMENT-6311,,false
1e6e228a-d325-4a20-8c65-8fa9e36e59db,2025-01-24T04:15:28.370881,ACCT-28116729,PAYMENT,902.9,DINING-1362,,false
22074d0a-e30e-44dd-bfd3-cd1cd796f48e,2025-01-24T10:38:19.370881,ACCT-26348472,DEPOSIT,3821.38,,,false
229c379a-761d-4384-832a-ce401b941fe1,2025-01-24T14:57:00.370881,ACCT-20350211,PAYMENT,324.68,UTILITY-1950,,false
d234d019-c19a-43ff-b378-0ce85e8d79ff,2025-01-24T16:34:32.370881,ACCT-40963701,TRANSFER,1389.78,,ACCT-34338150,false
0229b8f4-500e-41fd-b936-d3188ffb5742,2025-01-25T03:01:02.370881,ACCT-29089481,WITHDRAWAL,386.95,,,false
ad18f1cf-9b51-471f-b7a3-ae68832c8bba,2025-01-25T06:27:12.370881,ACCT-20350211,WITHDRAWAL,442.14,,,false
7306bc22-13ab-4b0a-a44d-b4040ae6e3dc,2025-01-25T13:54:57.370881,ACCT-70744888,DEPOSIT,458.12,,,false
ee15f043-f484-4787-9f4b-20eb2ccf16e9,2025-01-25T16:38:57.370881,ACCT-60563466,DEPOSIT,3265.39,,,false
f8baeac5-056a-44a5-9f90-5d4296dae37a,2025-01-25T18:12:49.370881,ACCT-23454911,TRANSFER,1574.7,,ACCT-96217084,false
13d6f284-5b91-495c-8562-73f9f853335d,2025-01-25T19:23:52.370881,ACCT-79976509,TRANSFER,259.34,,ACCT-26191148,false
1706cbf2-da7f-41e1-b459-7e318fa4bf04,2025-01-26T02:41:33.370881,ACCT-48762641,PAYMENT,564.41,DINING-5648,,false
58434358-8819-4cbf-829d-539310703942,2025-01-26T16:27:09.370881,ACCT-70744888,DEPOSIT,2903.96,,,false
54c71f68-a270-4bea-b562-4f9de8f7e07b,2025-01-26T22:10:09.370881,ACCT-43183513,DEPOSIT,2940.39,,,false
19d42b5b-6a08-43e9-9577-5a1ecac0a1ee,2025-01-27T00:27:58.370881,ACCT-50619663,WITHDRAWAL,404.18,,,false
27ea8e4a-bb08-4259-89e7-2993976ae492,2025-01-27T01:38:20.370881,ACCT-30875391,WITHDRAWAL,1278.97,,,true
825bfbe0-463c-49ea-9ee9-7977ade86bfa,2025-01-27T05:47:11.370881,ACCT-52995320,DEPOSIT,801.59,,,false
a414a72d-c029-427c-87c8-e3fd593db31f,2025-01-27T06:58:15.370881,ACCT-70744888,TRANSFER,834.75,,ACCT-48762641,false
9327fd1c-33ce-4149-88a4-5dd4f91113ee,2025-01-27T12:47:43.370881,ACCT-58867709,TRANSFER,1186.33,,ACCT-56593971,false
bb92170a-c0cb-440d-90f3-8f79e1e0b255,2025-01-27T14:57:51.370881,ACCT-66745012,PAYMENT,521.41,RETAIL-6747,,true
a11c45f0-3435-4e64-8cd0-70c3ed54e944,2025-01-27T20:34:28.370881,ACCT-59947824,WITHDRAWAL,480.61,,,false
8dc8663a-0efd-43e5-8fe6-0ca83cc1cb10,2025-01-28T00:03:59.370881,ACCT-50459051,TRANSFER,1785.71,,ACCT-61049884,true
b5934ec3-e9fa-410b-821b-bd8550c176d2,2025-01-28T01:13:17.370881,ACCT-36822353,TRANSFER,1351.91,,ACCT-50619663,false
c13b526b-8620-485d-b05a-20d5ce1a77bf,2025-01-28T02:12:21.370881,ACCT-24664821,DEPOSIT,951.14,,,false
7469572c-2a50-4faa-9910-3247737e7bed,2025-01-28T08:21:41.370881,ACCT-39605782,DEPOSIT,3348.32,,,false
a3416efc-a2d7-4ba0-a8f9-3635a9878355,2025-01-28T09:46:38.370881,ACCT-77554083,WITHDRAWAL,352.15,,,false
85f25c39-2184-417a-b3ca-3be8f89701be,2025-01-28T20:32:31.370881,ACCT-81700422,TRANSFER,1177.09,,ACCT-23454911,false
4eae5b8f-abf0-434e-ba8a-6d606ff673d7,2025-01-29T00:13:58.370881,ACCT-60563466,WITHDRAWAL,109.31,,,false
c9dede50-8602-46ff-bf86-5e1055960394,2025-01-29T03:31:19.370881,ACCT-19318406,DEPOSIT,522.66,,,false
1804f0c0-9843-43b1-b3bc-790414b64b28,2025-01-29T07:52:48.370881,ACCT-38470133,WITHDRAWAL,214.07,,,false
d53407d2-3c6f-4770-9fb4-d83697ee7d3f,2025-01-29T09:46:19.370881,ACCT-49053704,PAYMENT,174.2,GROCERY-5927,,false
276918ec-f39b-49f3-bb9b-eba8e773e9fa,2025-01-29T11:34:00.370881,ACCT-30842715,DEPOSIT,2296.19,,,false
bdf642f2-65ef-4974-9594-91eff485db8d,2025-01-30T04:08:36.370881,ACCT-49053704,WITHDRAWAL,236.28,,,false
8c72c790-f79b-4426-ad86-d1fb76ebb292,2025-01-30T05:22:24.370881,ACCT-95403309,DEPOSIT,502.77,,,false
0e57bd97-4315-4031-8c1c-6845947a3317,2025-01-30T10:24:54.370881,ACCT-62560034,DEPOSIT,2957.95,,,false
25dfe49b-a4b2-4cd1-afbe-d17c56f8aa3b,2025-01-30T11:33:36.370881,ACCT-77718113,DEPOSIT,1785.92,,,false
f7853641-6d8d-465d-8d07-b6e812fcb05a,2025-01-30T11:55:44.370881,ACCT-44070834,TRANSFER,1243.43,,ACCT-74827833,false
12cebf33-73c9-47b4-baac-a0cc2a2ced1d,2025-01-30T16:01:05.370881,ACCT-49272760,TRANSFER,1419.11,,ACCT-48703687,false
d6f004aa-e61f-4653-9e12-822cae50b45c,2025-01-30T20:19:56.370881,ACCT-43183513,DEPOSIT,3864.73,,,false
3cef0962-1d2a-439d-9f01-4af443467cf9,2025-01-31T01:54:36.370881,ACCT-50505261,WITHDRAWAL,355.38,,,false
9e11e9f3-bfb6-4218-ba1c-d67e4982d14f,2025-01-31T03:23:41.370881,ACCT-58601071,DEPOSIT,798.17,,,false
8b263d08-3eb2-4127-aab6-fd48849f3798,2025-01-31T03:47:34.370881,ACCT-57836015,TRANSFER,1421.17,,ACCT-95403309,false
ad83973d-8d78-4527-bb04-60cb92f16321,2025-01-31T07:23:39.370881,ACCT-65525050,TRANSFER,602.83,,ACCT-29089481,false
2844c475-48da-4282-8db9-57c802c71932,2025-01-31T09:40:32.370881,ACCT-61049884,WITHDRAWAL,45.42,,,false
8236a71f-73ff-40fa-ac8a-68cfd7fc515c,2025-01-31T09:59:09.370881,ACCT-29239698,WITHDRAWAL,279.87,,,false
b5516fef-b052-4ac7-b8e6-aaa1468d3283,2025-01-31T12:27:11.370881,ACCT-45591896,DEPOSIT,712.2,,,false
c1396059-fb8e-4f69-a6a3-7cc89c03eb34,2025-01-31T16:03:20.370881,ACCT-93739890,WITHDRAWAL,457.66,,,false
5498a279-df03-4708-b8c2-438650be2f0d,2025-01-31T20:23:35.370881,ACCT-35341001,WITHDRAWAL,42791.86,,,true
1fba1817-5873-4427-95c2-8fcf062aef19,2025-02-01T03:43:38.370881,ACCT-99895150,PAYMENT,703.26,TRAVEL-6690,,false
fe7bfc7f-9c25-4745-8bf5-e6dad489188f,2025-02-01T05:36:51.370881,ACCT-28116729,TRANSFER,712.14,,ACCT-27105545,false
f4f2865d-0c92-4f51-becf-a9e473674b1e,2025-02-01T10:13:15.370881,ACCT-79247205,TRANSFER,975.44,,ACCT-51111225,false
69315e38-ba61-4917-b772-88515e7d7aaf,2025-02-01T11:19:23.370881,ACCT-68059381,PAYMENT,341.15,GROCERY-4383,,false
5633da9c-0126-4d9e-b3f6-65cbecef464a,2025-02-01T11:25:31.370881,ACCT-52995320,DEPOSIT,2711.96,,,false
9e4f7ed9-a480-49c0-8be2-f398d2a96a0c,2025-02-01T14:12:38.370881,ACCT-61049884,TRANSFER,805.37,,ACCT-99895150,false
aec7220f-7e98-4e9b-8eed-492815e16fa0,2025-02-01T16:05:58.370881,ACCT-38984882,TRANSFER,1067.59,,ACCT-62820630,false
88e0f61c-8707-499e-bdc0-7ba0e80275f7,2025-02-02T06:40:35.370881,ACCT-57836557,PAYMENT,273.52,TRAVEL-5035,,false
fd77df27-1923-413d-9ca0-76d7d187f6a0,2025-02-02T06:43:31.370881,ACCT-77718113,TRANSFER,1511.08,,ACCT-59947824,false
a2052926-2d2d-4afe-9e26-8753dabc3e06,2025-02-02T08:00:35.370881,ACCT-99895150,DEPOSIT,3208.27,,,false
a5509316-b171-4282-a22d-4be6aaca377d,2025-02-02T09:29:09.370881,ACCT-23454911,TRANSFER,460.94,,ACCT-38470133,false
cd1fd9d3-adb5-43d7-8467-5f2eef17b675,2025-02-02T09:41:27.370881,ACCT-68059381,TRANSFER,39724.48,,ACCT-66745012,true
ba1c5b0f-2900-4303-9873-7d0391a6a14d,2025-02-02T20:19:26.370881,ACCT-30875391,DEPOSIT,1840.26,,,false
b3a22c3a-431e-40b6-bcd0-906e2ea9b892,2025-02-02T21:36:17.370881,ACCT-49053704,DEPOSIT,800.97,,,false
90a7cb92-a020-412e-8ce2-5b8a231d1c15,2025-02-03T05:12:21.370881,ACCT-76165651,TRANSFER,673.1,,ACCT-65525050,false
9795f40e-3441-40eb-9ac7-1394bb1180fa,2025-02-03T05:38:28.370881,ACCT-44070834,WITHDRAWAL,220.27,,,false
d950dd96-a931-44e0-83ef-4f314b746bec,2025-02-03T06:43:47.370881,ACCT-38984882,WITHDRAWAL,83.08,,,false
23daab39-7597-4fcd-ac69-5cfeb9670ef0,2025-02-03T11:45:27.370881,ACCT-44070834,DEPOSIT,1947.07,,,false
b64ab92f-4ecd-4488-bce9-cb00d669073a,2025-02-03T12:44:28.370881,ACCT-91597519,PAYMENT,378.49,OTHER-3426,,false
7fb22e81-aad7-4822-ae4b-6b545a610821,2025-02-03T12:50:40.370881,ACCT-79599064,PAYMENT,602.79,ENTERTAINMENT-8034,,false
574a466f-d278-4d23-8610-560d104d64eb,2025-02-03T13:05:48.370881,ACCT-40963701,TRANSFER,1494.61,,ACCT-45591896,false
14ba2f1a-f850-4616-90d2-bb7ebe6183e8,2025-02-03T16:49:11.370881,ACCT-69865866,DEPOSIT,961.86,,,false
9faaabac-0d7e-4c65-ab4e-326a55ffe1d5,2025-02-03T18:48:30.370881,ACCT-43183513,WITHDRAWAL,153.06,,,false
2cdefa51-f51b-4cd6-a061-e8eef80696d9,2025-02-03T23:08:00.370881,ACCT-30842715,PAYMENT,258.21,RETAIL-8350,,false
e74ef880-12ae-41be-9531-691d1d2ac114,2025-02-04T10:44:04.370881,ACCT-68336777,DEPOSIT,1762.45,,,false
b67fde79-fe34-4751-941c-038f28f0c203,2025-02-04T15:46:07.370881,ACCT-50619663,PAYMENT,619.48,DINING-4606,,false
d03a164a-b4f3-4f40-97b3-b421a13dbd75,2025-02-04T16:56:57.370881,ACCT-24664821,TRANSFER,1803.62,,ACCT-30875391,false
46208d27-2760-4324-8d9b-621db4849dcd,2025-02-04T17:34:34.370881,ACCT-33034740,TRANSFER,1906.71,,ACCT-66745012,false
ed82efdb-ff2d-4a00-a474-e038607bd341,2025-02-04T19:38:23.370881,ACCT-40963701,TRANSFER,1178.65,,ACCT-77718113,false
bc384d34-757b-45f0-9ba3-034ac43ec0ad,2025-02-04T21:22:46.370881,ACCT-61216483,DEPOSIT,1065.65,,,false
347d02ae-255d-4387-bed6-12684f337a12,2025-02-05T01:01:57.370881,ACCT-27105545,PAYMENT,127.09,OTHER-5952,,false
507efad7-1e74-4227-a705-9658701786c3,2025-02-05T10:26:08.370881,ACCT-77554083,WITHDRAWAL,369.2,,,false
b1855240-ccfd-4274-b50b-2034dedb37f9,2025-02-05T14:17:41.370881,ACCT-24664821,PAYMENT,221.2,UTILITY-2380,,false
cab02b96-0eb9-4c42-a5c7-d2fa9bc611f1,2025-02-05T17:30:33.370881,ACCT-29239698,TRANSFER,1247.02,,ACCT-27812884,false
f61d5d73-eecb-4686-afbb-af34e8cc00bc,2025-02-05T19:49:51.370881,ACCT-65525050,WITHDRAWAL,216.71,,,false
ebbd8f33-7009-4dc9-8d42-54d193afbd35,2025-02-05T22:24:39.370881,ACCT-27776032,TRANSFER,732.11,,ACCT-50899195,false
c80e6d0a-9813-444c-9919-c34a038e506f,2025-02-06T09:01:01.370881,ACCT-27776032,TRANSFER,1490.28,,ACCT-57836015,false
cd4b568f-13fe-4b1a-b9ef-39f5bd0e32ee,2025-02-06T11:27:28.370881,ACCT-48703687,DEPOSIT,3172.21,,,false
6ff82105-5086-4efe-b1ea-b52a90851e19,2025-02-06T12:35:09.370881,ACCT-86085000,TRANSFER,1641.46,,ACCT-39444934,false
30fd8a91-8aa4-45c1-bea5-95c7e5775f97,2025-02-06T12:42:33.370881,ACCT-91597519,TRANSFER,1266.36,,ACCT-60563466,false
b6ed9cda-540d-4702-a32d-9a584ef08ec4,2025-02-06T15:12:56.370881,ACCT-38974768,DEPOSIT,4455.25,,,false
9b2770fe-fc89-4833-8d4d-fa12bfaff3c6,2025-02-06T19:10:47.370881,ACCT-51111225,PAYMENT,822.71,OTHER-3759,,false
ff07c109-cd91-4f0a-bd44-00734d937293,2025-02-06T20:03:31.370881,ACCT-65525050,DEPOSIT,2547.92,,,false
5e949c12-645f-401e-9c32-275848d35f8c,2025-02-06T23:39:20.370881,ACCT-76165651,DEPOSIT,3937.12,,,false
f498cdf5-1e4d-408e-8259-fd7243f8c82a,2025-02-07T01:53:48.370881,ACCT-50899195,WITHDRAWAL,255.49,,,false
deaaf83e-f16c-4d04-a9ff-480e7604277e,2025-02-07T05:53:02.370881,ACCT-27776032,WITHDRAWAL,295.87,,,false
ce913410-59a3-4309-bd0a-7d2c08410c88,2025-02-07T07:25:47.370881,ACCT-43183513,PAYMENT,90.06,RETAIL-6635,,false
ca86aa8a-b27e-47a1-8b62-652f3e1b8271,2025-02-07T08:33:38.370881,ACCT-80521843,PAYMENT,144.26,TRAVEL-2605,,false
f0cd53fb-248b-4b1b-9556-774032148a86,2025-02-07T21:46:33.370881,ACCT-29089481,WITHDRAWAL,101.3,,,false
cfae551c-8391-4f31-b0bd-7e1b329f17a3,2025-02-08T00:14:02.370881,ACCT-41634561,WITHDRAWAL,156.73,,,false
de9f5409-50b9-40c9-8ef8-7d0f61a8a650,2025-02-08T04:15:02.370881,ACCT-68059381,TRANSFER,800.13,,ACCT-92441006,false
98197912-3ef4-43e6-bd10-133cd6bf935a,2025-02-08T10:26:44.370881,ACCT-26972464,PAYMENT,564.62,ENTERTAINMENT-6230,,false
47b4cbf4-f268-44bd-a339-d31f67e746cd,2025-02-08T11:41:50.370881,ACCT-23454911,PAYMENT,774.65,UTILITY-5603,,false
eb4a9cb7-f1c8-44e7-96b6-c968bdc9d946,2025-02-08T15:38:23.370881,ACCT-67970597,PAYMENT,239.72,OTHER-4247,,false
73bfdf00-d443-4aea-955b-ea8b9694b50f,2025-02-08T16:48:12.370881,ACCT-59947824,WITHDRAWAL,294.13,,,false
2409134b-a6e3-4215-a07e-4668cefa4d71,2025-02-08T18:01:17.370881,ACCT-47710706,TRANSFER,49.39,,ACCT-89276483,false
6f546680-8132-433a-bd31-3f25ad18ce70,2025-02-09T00:19:46.370881,ACCT-27105545,DEPOSIT,3651.06,,,false
f8638986-bfbe-4145-90c6-31bf88e12eb9,2025-02-09T02:00:44.370881,ACCT-56648485,WITHDRAWAL,1428.62,,,true
d4e9120a-ac85-4950-816b-352e20743caa,2025-02-09T04:10:03.370881,ACCT-34338150,TRANSFER,1600.91,,ACCT-69865866,false
046d24b9-1baf-4f73-bafd-61f31494f87d,2025-02-09T06:05:49.370881,ACCT-27105545,TRANSFER,1928.35,,ACCT-60563466,false
c5b3f54b-c748-4a38-a133-cc930d0c977b,2025-02-09T12:26:19.370881,ACCT-95403309,TRANSFER,117.32,,ACCT-69865866,false
156f2f2c-ca6c-4827-a2b3-37b7cd08d47b,2025-02-09T13:23:11.370881,ACCT-93739890,WITHDRAWAL,190.65,,,false
890937d8-50db-4020-8ea3-8c485f86b872,2025-02-09T20:51:02.370881,ACCT-81700422,TRANSFER,1498.7,,ACCT-51057117,false
2e7748f3-039e-4ae4-8af0-d1fbc66abf1c,2025-02-09T21:37:22.370881,ACCT-79599064,DEPOSIT,4103.66,,,false
7e64374a-ff57-40aa-8acc-8bee9531b5de,2025-02-10T14:17:03.370881,ACCT-43183513,TRANSFER,23792.3,,ACCT-26191148,true
a86a5733-573f-4e06-9429-cbe4917c4199,2025-02-10T14:56:15.370881,ACCT-38974768,DEPOSIT,3960.4,,,false
e634d825-1502-4d3e-88ed-6266b5596c22,2025-02-10T19:12:30.370881,ACCT-58725413,DEPOSIT,1041.11,,,false
d565b3ac-e827-4552-8401-4ecf5ac595ba,2025-02-10T19:51:58.370881,ACCT-29239698,TRANSFER,684.31,,ACCT-48703687,false
715fa136-bb64-40de-9d1a-21923b8e4f57,2025-02-10T22:03:27.370881,ACCT-74827833,PAYMENT,472.5,ENTERTAINMENT-4086,,false
da6ffecd-dad3-416d-ab30-8e0c39515db7,2025-02-10T23:52:10.370881,ACCT-36774682,DEPOSIT,4306.74,,,false
2627ec58-3e8b-4329-9ba6-eb635676c7c8,2025-02-11T02:32:37.370881,ACCT-70744888,WITHDRAWAL,213.56,,,false
5359920c-a5f7-44fe-855d-fb65058d37ea,2025-02-11T06:12:14.370881,ACCT-74869828,PAYMENT,116.46,TRAVEL-4270,,true
359d1ab2-203a-4a7c-8e59-c686c8f7ad58,2025-02-11T09:49:32.370881,ACCT-45591896,DEPOSIT,3469.41,,,false
a125380a-83ca-4cde-9b68-2ac3ae5cacaa,2025-02-11T21:35:05.370881,ACCT-35341001,DEPOSIT,4295.01,,,false
5de26543-4d3a-4a49-a2ed-71a3995573a1,2025-02-11T22:18:19.370881,ACCT-58725413,TRANSFER,1664.34,,ACCT-40963701,false
3a8c01c6-2f53-4f34-bfbd-5e3387fb3f5e,2025-02-12T08:05:50.370881,ACCT-34338150,WITHDRAWAL,486.01,,,false
57bddb4d-3405-4a29-bb0a-47fe897e5653,2025-02-12T18:33:37.370881,ACCT-83825707,DEPOSIT,3801.9,,,false
baaf60be-1c5c-4608-a678-418b2eb30046,2025-02-13T05:39:18.370881,ACCT-50505261,PAYMENT,929.23,TRAVEL-5086,,false
5f85c962-49f1-42b7-97f1-bfcdff5b9561,2025-02-13T08:29:11.370881,ACCT-56648485,WITHDRAWAL,140.75,,,false
176213f9-99c7-42b6-89e3-b8c8c2c7d368,2025-02-13T08:52:05.370881,ACCT-79976509,WITHDRAWAL,541.33,,,true
9d65aebc-69ee-4aa9-9a24-9c47bf4bec05,2025-02-13T09:16:40.370881,ACCT-58601071,TRANSFER,112.84,,ACCT-79599064,false
53177684-31d8-42df-b661-482cb6845640,2025-02-13T12:52:13.370881,ACCT-21314215,PAYMENT,808.22,OTHER-9179,,false
169475ec-31e9-4e99-92f5-d271eefab699,2025-02-13T14:53:16.370881,ACCT-36822353,PAYMENT,7.0,DINING-4108,,false
bde44543-729d-4d71-92df-4f43b08124c4,2025-02-13T20:51:35.370881,ACCT-62820630,PAYMENT,249.41,ENTERTAINMENT-9007,,false
a7200b2c-8cdb-4be2-8117-0c3328cfd681,2025-02-14T16:14:40.370881,ACCT-91597519,PAYMENT,802.11,TRAVEL-2952,,false
f1963bcf-68f2-4f1d-bc5f-fb94d9e0f748,2025-02-15T11:54:30.370881,ACCT-61216483,TRANSFER,1496.79,,ACCT-29239698,false
6ba30a23-c4c0-488a-bdcc-751f6eb005d0,2025-02-15T13:31:55.370881,ACCT-26348472,TRANSFER,279.66,,ACCT-29089481,false
776355b3-2a79-4f40-b0ab-1acce6eba95d,2025-02-15T17:40:52.370881,ACCT-27776032,PAYMENT,750.8,OTHER-3399,,false
177977e7-71c3-4c58-97d8-e34f9abc9583,2025-02-16T03:51:26.370881,ACCT-89276483,DEPOSIT,1373.08,,,false
dcbeb5cb-c3f4-4124-b42b-bba7897fdf77,2025-02-16T10:37:51.370881,ACCT-62820630,WITHDRAWAL,160.95,,,false
984e7022-0762-4854-b618-e662f09c8984,2025-02-16T14:58:01.370881,ACCT-24664821,WITHDRAWAL,284.95,,,false
f7fc07fb-7b0b-4d05-a6f8-9064ef657bbd,2025-02-17T01:53:58.370881,ACCT-51057117,DEPOSIT,301.04,,,false
678988b7-b13c-4171-9fc6-5335ef1f83f1,2025-02-17T12:27:53.370881,ACCT-61216483,TRANSFER,1484.58,,ACCT-40963701,false
82113185-b952-411c-9350-f30199a63880,2025-02-17T15:37:41.370881,ACCT-40963701,TRANSFER,159.74,,ACCT-30875391,false
8d2bb6e2-6c33-4373-84b0-36e35a56526e,2025-02-17T16:36:47.370881,ACCT-26191148,TRANSFER,981.98,,ACCT-51357227,false
40ed9ea5-c787-4487-b7c2-1ff586f92a87,2025-02-17T21:41:07.370881,ACCT-45591896,WITHDRAWAL,477.89,,,false
b84ede71-ddfe-44c7-bdc4-b5147b90ba34,2025-02-17T22:02:09.370881,ACCT-74827833,TRANSFER,837.13,,ACCT-79247205,false
6170983c-39e6-4bf9-8039-dc57c9a9007c,2025-02-17T23:01:41.370881,ACCT-29089481,WITHDRAWAL,366.76,,,false
b92ac957-c75d-4ce1-b14a-6926dd41d658,2025-02-18T02:40:06.370881,ACCT-41634561,PAYMENT,823.76,DINING-3078,,false
ec0330d1-8bed-4f24-9e97-c893f1bc38d4,2025-02-18T06:09:40.370881,ACCT-99895150,DEPOSIT,1218.18,,,false
ee1ae3e2-bdc2-411f-99dc-fe492927b4af,2025-02-18T08:49:24.370881,ACCT-50847246,DEPOSIT,3059.63,,,false
a158b1e5-2dec-4814-a403-8b091f753402,2025-02-18T13:43:33.370881,ACCT-70744888,WITHDRAWAL,162.14,,,false
fe91bdf6-67a6-4a1d-a5df-efa6b1e4300e,2025-02-18T14:07:28.370881,ACCT-41634561,TRANSFER,752.52,,ACCT-59947824,false
a8f88bf4-7b88-462a-91a4-18f99b0ab2d8,2025-02-18T14:09:41.370881,ACCT-41634561,TRANSFER,1556.64,,ACCT-27105545,false
1180f928-b9cc-4e11-a980-6969454480d0,2025-02-18T14:41:36.370881,ACCT-36822353,TRANSFER,333.72,,ACCT-50459051,false
84f0f088-f7b6-4012-89a2-6a0eaf9c1928,2025-02-19T02:08:47.370881,ACCT-50459051,WITHDRAWAL,474.43,,,false
45c88eaf-6657-4ab4-a399-038c01e8fc91,2025-02-19T03:12:57.370881,ACCT-38974768,TRANSFER,1545.34,,ACCT-68336777,false
a34baeb9-e9af-433c-b474-35c8e2e30c5a,2025-02-19T08:37:11.370881,ACCT-68336777,WITHDRAWAL,93.02,,,false
09014107-b8cc-4673-a766-47b1fca8ce00,2025-02-19T09:18:04.370881,ACCT-86085000,TRANSFER,1969.15,,ACCT-34338150,false
a27fb0ac-f951-406d-84e2-5885adc2eb2b,2025-02-19T18:30:16.370881,ACCT-58601071,PAYMENT,768.52,DINING-3172,,false
7e8c1ea4-2c65-4648-8cb5-95ce9bf2a0cd,2025-02-20T02:33:07.370881,ACCT-69865866,PAYMENT,48.59,RETAIL-3965,,false
098b742f-95a6-4a83-a559-5678c695c4a7,2025-02-20T07:09:42.370881,ACCT-44070834,DEPOSIT,979.85,,,false
b6903923-d87f-4e4a-b44b-30c681b25891,2025-02-20T08:43:45.370881,ACCT-58725413,DEPOSIT,351.38,,,false
f0456c0b-06df-4015-b715-21ef97625bbe,2025-02-20T12:55:28.370881,ACCT-24664821,DEPOSIT,2841.06,,,false
e2502e71-40cc-41c5-bedf-9900749ddd38,2025-02-20T17:15:44.370881,ACCT-51057117,TRANSFER,474.56,,ACCT-50459051,false
09e45b59-feca-4fbe-865b-fdd37c413bfb,2025-02-21T01:02:41.370881,ACCT-19930001,PAYMENT,804.56,UTILITY-5148,,false
801c6468-b66f-4fde-945d-ae5ce3f3f6b9,2025-02-21T06:54:02.370881,ACCT-58867709,TRANSFER,1261.23,,ACCT-50899195,false
b5ba3527-e7a0-42e1-af70-68b444896b06,2025-02-21T12:32:37.370881,ACCT-93739890,PAYMENT,269.73,OTHER-9274,,false
5c75dd84-8c3b-4418-abdb-053dde7d6aa5,2025-02-22T06:39:49.370881,ACCT-50459051,WITHDRAWAL,236.65,,,false
1b49adf2-5614-4aed-b8a4-f70c9a0897f8,2025-02-22T11:36:22.370881,ACCT-69865866,TRANSFER,1158.97,,ACCT-77554083,false
c6619056-b358-48fe-ab7b-30aca3d49f9c,2025-02-22T15:04:28.370881,ACCT-86085000,PAYMENT,33.88,GROCERY-3235,,false
cab82677-abc1-44f0-93e8-e309713c343e,2025-02-22T17:11:36.370881,ACCT-54701763,TRANSFER,1275.3,,ACCT-50847246,false
612c4f51-6002-47a1-8c90-c3bd5734a6ea,2025-02-22T21:28:42.370881,ACCT-48703687,WITHDRAWAL,163.16,,,false
06446114-5441-4053-9d07-d8bb8c77fe24,2025-02-22T22:57:35.370881,ACCT-86085000,DEPOSIT,4098.88,,,false
d5521b48-518a-4e88-baf0-3975e1d459a4,2025-02-23T02:02:41.370881,ACCT-47710706,PAYMENT,923.61,TRAVEL-3747,,false
8f4441d7-c983-4651-a439-a956facdeeda,2025-02-23T05:31:13.370881,ACCT-47572011,DEPOSIT,3949.32,,,false
c608cdc5-3b81-47de-b809-31b551127654,2025-02-23T06:00:09.370881,ACCT-77554083,WITHDRAWAL,279.43,,,false
7da5a9c0-0c22-4aaa-b6a4-aabfffd6598b,2025-02-23T12:42:52.370881,ACCT-31544476,WITHDRAWAL,159.95,,,false
f733852a-745f-4f60-af4c-d952046e1630,2025-02-23T12:43:24.370881,ACCT-62560034,TRANSFER,1512.97,,ACCT-48703687,false
1bb020eb-2401-4cc4-a0ec-a1436b45a33f,2025-02-23T12:48:46.370881,ACCT-47710706,WITHDRAWAL,136.0,,,false
ce63b659-121c-4d6c-931e-9c27fb954793,2025-02-23T14:20:23.370881,ACCT-28116729,DEPOSIT,499.73,,,false
fe8419a4-5445-48a8-a1f6-d57600a47994,2025-02-23T14:26:20.370881,ACCT-74869828,WITHDRAWAL,30.46,,,false
c6db9ecf-2cc1-47ce-bbb0-aa9d58800a36,2025-02-24T01:05:12.370881,ACCT-19318406,TRANSFER,49.2,,ACCT-79247205,false
11341f9c-4036-48f7-a58b-c8ab6c121d35,2025-02-24T06:24:18.370881,ACCT-99895150,DEPOSIT,1466.23,,,false
54b434aa-a38b-4859-a1ee-67ab130798fc,2025-02-24T10:06:02.370881,ACCT-69865866,DEPOSIT,3949.33,,,false
02ce267d-9f26-4371-bfdb-03865d89ffed,2025-02-24T17:29:52.370881,ACCT-83825707,PAYMENT,351.03,UTILITY-6816,,false
7f96e508-d774-44f3-8714-78d36ba750b8,2025-02-24T17:42:34.370881,ACCT-26191148,PAYMENT,116.12,TRAVEL-4303,,false
b244de1f-87d7-48e2-88dc-46b7f2f865fa,2025-02-24T19:25:10.370881,ACCT-33034740,TRANSFER,1795.58,,ACCT-39373098,false
2357f59b-6ea9-43a5-af61-28a51869de22,2025-02-25T03:15:29.370881,ACCT-92441006,PAYMENT,112.68,UTILITY-4150,,false
8df272a8-c86a-4b1d-aae8-4816a7f511ce,2025-02-25T06:22:22.370881,ACCT-51111225,DEPOSIT,1278.74,,,false
b0c061e3-7567-494b-8a01-7d993c851c3a,2025-02-25T06:51:55.370881,ACCT-60563466,TRANSFER,709.61,,ACCT-61216483,false
87313876-9ed5-43a6-8595-d23ae40f1368,2025-02-25T08:58:01.370881,ACCT-93739890,WITHDRAWAL,121.56,,,false
143f417a-ef18-4bea-9853-b26a5fa5fc6a,2025-02-25T10:56:24.370881,ACCT-36774682,PAYMENT,634.83,UTILITY-8655,,false
47354b16-99b6-4b07-a935-67280f099c50,2025-02-25T11:06:25.370881,ACCT-38470133,TRANSFER,1270.97,,ACCT-39444934,false
fcb98115-607a-4444-af22-415ed8ba52bc,2025-02-25T11:08:47.370881,ACCT-38984882,DEPOSIT,980.28,,,false
7b5567c7-0606-4671-b4ee-acb27b76db97,2025-02-25T13:25:56.370881,ACCT-26191148,PAYMENT,688.04,RETAIL-3093,,false
d37069ec-2efc-44ef-b550-936f02d836b6,2025-02-25T17:08:27.370881,ACCT-91597519,WITHDRAWAL,307.07,,,false
a9d0676e-aa6b-42c5-b685-ba878138c544,2025-02-25T20:09:54.370881,ACCT-61049884,PAYMENT,511.26,ENTERTAINMENT-9316,,false
7595905d-68e8-4420-8149-7bd69026ac0d,2025-02-26T06:25:58.370881,ACCT-68336777,DEPOSIT,648.49,,,false
4e72c499-179c-4d81-919a-cbf2b2f89214,2025-02-26T08:16:07.370881,ACCT-77718113,DEPOSIT,2224.41,,,false
2de68bc7-3c17-4616-9193-5796ab2edd81,2025-02-26T08:41:47.370881,ACCT-77554083,TRANSFER,1234.09,,ACCT-92503992,false
85549942-8ccc-48a3-83e8-8df317164003,2025-02-26T14:46:13.370881,ACCT-27776032,TRANSFER,1859.58,,ACCT-68059381,false
99925608-fac5-41ad-b89f-b2952b45c7d2,2025-02-26T19:18:37.370881,ACCT-48795662,PAYMENT,632.94,GROCERY-4987,,false
33a5c7a9-3b0c-4f30-a6d6-ca5412e57a0d,2025-02-27T06:08:23.370881,ACCT-79976509,WITHDRAWAL,277.73,,,false
61a5dbae-2077-4ffd-9726-7d331ccd28d6,2025-02-27T12:33:00.370881,ACCT-30842715,WITHDRAWAL,342.81,,,false
8f4d8842-9d73-4cae-a61a-59fac1a5a611,2025-02-27T17:25:12.370881,ACCT-66745012,PAYMENT,579.16,DINING-4334,,false
a0ddfac7-cc35-40f7-9790-dc0348b2ff5f,2025-02-27T21:40:08.370881,ACCT-41634561,WITHDRAWAL,495.04,,,false
5f7bec9a-6330-4622-b61f-dc4dcb5c31a6,2025-02-28T01:22:58.370881,ACCT-19930001,DEPOSIT,925.53,,,false
2d5e8902-1be2-42f5-933f-b8376d2fc49c,2025-02-28T02:15:31.370881,ACCT-21540803,WITHDRAWAL,44374.14,,,true
cdfd28c8-0d9f-4351-acab-7f084c42e4bc,2025-02-28T03:42:28.370881,ACCT-50505261,TRANSFER,1019.07,,ACCT-39605782,false
7d8f1b46-528c-4669-a72d-cdb605c528d7,2025-02-28T03:57:18.370881,ACCT-73019227,DEPOSIT,2191.76,,,false
f0cf9d7d-fc58-4efb-89f8-0bf97aae85bf,2025-02-28T05:32:16.370881,ACCT-61049884,TRANSFER,699.45,,ACCT-66745012,false
a1ab2db5-93a0-4b72-91a2-06e8242d99aa,2025-02-28T05:40:56.370881,ACCT-77718113,WITHDRAWAL,140.86,,,false
a9405454-b705-43a2-9791-1998351a2b37,2025-02-28T08:39:42.370881,ACCT-48795662,TRANSFER,895.31,,ACCT-61216483,false
24329196-aada-4986-ae35-aa41d07bd5b4,2025-02-28T09:10:37.370881,ACCT-36774682,TRANSFER,1780.85,,ACCT-67970597,false
747a67b0-965e-4479-a8ab-c66787837218,2025-02-28T09:19:15.370881,ACCT-27105545,DEPOSIT,3652.87,,,false
f336c604-72b5-4957-b352-07698c54bb61,2025-02-28T11:46:42.370881,ACCT-36774682,PAYMENT,378.61,DINING-3595,,false
f01b0aaf-a080-4f5e-b642-53ba2896c1b7,2025-03-01T00:26:10.370881,ACCT-67970597,WITHDRAWAL,488.37,,,false
7fd15964-2890-427b-8f85-a17af979b1c4,2025-03-01T21:29:25.370881,ACCT-92503992,WITHDRAWAL,317.24,,,false
1fd4f249-4c4b-4358-a307-dfa706d17f36,2025-03-02T03:00:36.370881,ACCT-62560034,PAYMENT,70.4,RETAIL-7246,,false
6fe848d2-f9e1-42d3-beb5-6e37c74fbee0,2025-03-02T07:29:00.370881,ACCT-21314215,PAYMENT,794.75,DINING-6622,,false
3f298f9e-2fc2-470b-a076-d1ba4f996e3c,2025-03-02T13:19:21.370881,ACCT-47572011,WITHDRAWAL,162.0,,,false
90d1e752-cd0a-49e8-844b-4c30fda9160f,2025-03-02T16:14:24.370881,ACCT-83825707,PAYMENT,94.82,DINING-5846,,false
36708812-c7fb-4629-8b98-94b17a829ff0,2025-03-02T19:50:09.370881,ACCT-39444934,PAYMENT,397.42,RETAIL-3306,,false
2f3332b4-a88e-40d8-8374-b613669cf2ef,2025-03-02T23:02:41.370881,ACCT-60563466,WITHDRAWAL,116.32,,,false
fd9d9c44-e7d3-4136-aab1-ae579fe44507,2025-03-02T23:10:39.370881,ACCT-79976509,TRANSFER,1472.69,,ACCT-96217084,false
ed84d89f-875c-450b-9a73-05c87004dca2,2025-03-03T00:15:28.370881,ACCT-19930001,TRANSFER,1737.43,,ACCT-83825707,false
64ab58e5-2f34-4e5d-b69a-ead2ccc44335,2025-03-03T03:24:25.370881,ACCT-43183513,WITHDRAWAL,428.06,,,false
8d9f31e6-a3e4-42da-94b7-487a5f6fe44b,2025-03-03T04:49:37.370881,ACCT-83825707,PAYMENT,992.91,UTILITY-5947,,false
55170333-efaf-45b3-953f-4c171451a2cb,2025-03-03T04:58:56.370881,ACCT-66745012,DEPOSIT,403.72,,,false
d2f75ce6-23b3-4be6-a415-50e0f57395df,2025-03-03T09:02:04.370881,ACCT-92503992,TRANSFER,474.95,,ACCT-65525050,false
6e92d81c-d177-45be-bfc1-5124d6adf5f3,2025-03-03T20:44:10.370881,ACCT-26191148,WITHDRAWAL,172.28,,,false
410e10d4-f7a5-4bf9-a555-22e13b6ee4c3,2025-03-03T23:57:28.370881,ACCT-51111225,WITHDRAWAL,325.51,,,false
8ff13271-f1ac-4ddf-b2bf-42d9e373e2dd,2025-03-04T02:59:06.370881,ACCT-38470133,TRANSFER,1801.7,,ACCT-29089481,false
4c1c5190-e4a8-418a-891a-741eb943b895,2025-03-04T05:45:03.370881,ACCT-48795662,PAYMENT,411.24,UTILITY-9508,,false
7893901c-aa79-4718-ade1-a14cf00767d9,2025-03-04T05:47:25.370881,ACCT-43183513,TRANSFER,552.11,,ACCT-99895150,false
6cb2de74-8900-45b4-9a42-9a525def49cd,2025-03-04T09:46:42.370881,ACCT-23454911,TRANSFER,549.3,,ACCT-61216483,false
768483f3-2ec9-4d88-a5aa-f21729768127,2025-03-04T14:43:40.370881,ACCT-56648485,DEPOSIT,3322.59,,,false
547a8a80-c2d7-4293-8e18-085e310edeff,2025-03-04T18:06:05.370881,ACCT-45591896,DEPOSIT,1265.17,,,false
2d5dae7d-f03f-4d74-a169-aea9746c91b7,2025-03-05T14:04:46.370881,ACCT-48795662,WITHDRAWAL,42.37,,,false
832a2f63-2630-46aa-9f56-aad623a86105,2025-03-05T21:02:44.370881,ACCT-24664821,TRANSFER,411.88,,ACCT-81700422,false
f86db9b9-053a-46f9-af39-31429d1cbcf0,2025-03-06T00:07:14.370881,ACCT-54701763,TRANSFER,1139.14,,ACCT-76165651,false
d7b9d888-1b66-4ac7-bbbe-5f975044cc7f,2025-03-06T02:47:48.370881,ACCT-17549530,TRANSFER,1834.42,,ACCT-79976509,false
1f1b9247-cb52-4fc5-b55f-685ccc93064c,2025-03-06T04:55:59.370881,ACCT-56593971,TRANSFER,540.61,,ACCT-38984882,false
307cc5e9-9539-4eda-b7e4-9deb755be1b2,2025-03-06T06:57:16.370881,ACCT-74827833,TRANSFER,140.96,,ACCT-44070834,false
3eb3ad8a-1765-4727-9809-e92a83bfc283,2025-03-06T08:02:35.370881,ACCT-40963701,TRANSFER,82.84,,ACCT-45591896,false
d52cdfb8-4761-4429-80e9-d1e0e3ec6b56,2025-03-06T09:31:46.370881,ACCT-58725413,DEPOSIT,2843.92,,,false
a066cdaf-c54c-4492-89a9-0c97d30ed9b3,2025-03-06T23:01:32.370881,ACCT-20350211,WITHDRAWAL,185.3,,,false
8fb13007-3602-4bed-85dd-61be564aab2f,2025-03-06T23:03:53.370881,ACCT-27776032,PAYMENT,122.85,OTHER-9490,,false
f17a0296-7338-407f-b032-b8a27ba11f5e,2025-03-07T05:06:07.370881,ACCT-34338150,DEPOSIT,1108.11,,,false
b4d5b0e3-e50e-438a-b4ce-004bcc04bfc1,2025-03-07T15:02:26.370881,ACCT-51357227,PAYMENT,951.73,OTHER-3672,,false
fd46117e-211a-448a-81a4-05466dadad65,2025-03-07T16:24:26.370881,ACCT-34338150,WITHDRAWAL,32.82,,,false
23d0920d-a83d-4244-bd2c-e37b007e064e,2025-03-07T20:00:48.370881,ACCT-77554083,PAYMENT,516.21,UTILITY-7959,,false
89b2cfba-f770-475f-ba67-6e4168d0953c,2025-03-07T21:13:26.370881,ACCT-76165651,PAYMENT,441.06,OTHER-8004,,false
2f71e865-2bd7-42b1-aca2-c14dd904229f,2025-03-07T23:24:45.370881,ACCT-29089481,TRANSFER,491.38,,ACCT-41634561,false
60a0f157-8f23-4296-9c7a-a1ec4c4e94e2,2025-03-07T23:29:26.370881,ACCT-52995320,TRANSFER,1443.08,,ACCT-77554083,false
c5c8a03e-9f8c-4527-8ad2-c638b788525e,2025-03-08T05:52:15.370881,ACCT-50459051,TRANSFER,396.16,,ACCT-51111225,false
09893990-d877-4f2f-9da8-cc9d0135cdcc,2025-03-08T14:52:36.370881,ACCT-49053704,TRANSFER,869.37,,ACCT-69865866,false
92b861f9-22bf-4c76-bbff-fee4f3ea08e3,2025-03-08T22:19:54.370881,ACCT-38974768,PAYMENT,2174.23,SUSPICIOUS-4504,,true
e9badc9b-10eb-45db-b6d5-d9659d8ffecd,2025-03-09T03:58:21.370881,ACCT-79976509,DEPOSIT,3515.05,,,false
527b6a03-04f4-4b13-8ba7-274127815b1f,2025-03-09T04:11:19.370881,ACCT-38984882,TRANSFER,358.29,,ACCT-80521843,false
7dde006e-4e64-49b5-8ce0-03c5af36893f,2025-03-09T08:38:17.370881,ACCT-67970597,WITHDRAWAL,41.72,,,false
f6964d5e-3f6f-4b39-838e-e81e0a52ef73,2025-03-09T13:59:42.370881,ACCT-28116729,TRANSFER,1503.22,,ACCT-39444934,false
be9f72e7-7374-4055-bcb9-37dee64f535f,2025-03-09T15:21:18.370881,ACCT-70744888,WITHDRAWAL,83.59,,,false
9d6db622-395b-44c0-b597-bd1402f97fd5,2025-03-09T19:39:37.370881,ACCT-88412778,DEPOSIT,1164.27,,,false
708bc89f-e17f-4711-a55d-cd7f80cea19f,2025-03-09T19:53:43.370881,ACCT-88412778,TRANSFER,1383.22,,ACCT-24664821,false
472833db-4fe3-42d2-9c27-83dfaaa92918,2025-03-10T05:50:43.370881,ACCT-50899195,PAYMENT,905.21,GROCERY-6327,,false
1ae30e5b-4e22-44e5-921e-1612a7e9773a,2025-03-10T13:30:35.370881,ACCT-79976509,DEPOSIT,2538.33,,,false
8579cdf3-3b45-4037-b86d-7de1566932ec,2025-03-10T16:39:55.370881,ACCT-21314215,WITHDRAWAL,64.98,,,false
6655b984-e092-4d82-993a-e933387ddf6b,2025-03-10T19:17:59.370881,ACCT-79599064,DEPOSIT,3288.02,,,false
d2d2491d-24e9-4a4d-a089-87ef28e8fcc8,2025-03-10T19:39:53.370881,ACCT-40963701,DEPOSIT,3798.05,,,false
d931baae-0ef1-48c6-a583-fd934fbbf799,2025-03-10T20:54:15.370881,ACCT-34338150,TRANSFER,1461.42,,ACCT-81700422,false
e5b72fe4-c30d-4a3b-b914-7688bc231483,2025-03-10T21:53:03.370881,ACCT-21314215,WITHDRAWAL,84.49,,,false
56f9bf9c-4c63-4b27-a65e-fca1e043a16b,2025-03-11T01:17:47.370881,ACCT-50619663,DEPOSIT,2107.18,,,false
c6bbfbe7-bafe-4cfb-9f48-175493237db3,2025-03-11T04:36:45.370881,ACCT-80521843,DEPOSIT,4173.28,,,false
b4a1b32f-8744-42d8-ab5f-a296a1b283f7,2025-03-11T07:27:02.370881,ACCT-95403309,WITHDRAWAL,303.82,,,false
7c43bcb9-99b7-424a-9ac3-6a70ebb60428,2025-03-11T13:03:06.370881,ACCT-21540803,DEPOSIT,2930.2,,,false
0dd14844-b842-4004-8300-e6e32e214a60,2025-03-12T09:38:42.370881,ACCT-48703687,TRANSFER,1538.31,,ACCT-30842715,false
a84514b2-d5a8-46df-8988-a82331bf3357,2025-03-12T10:33:33.370881,ACCT-73019227,DEPOSIT,3624.84,,,false
34f64cc7-0661-4381-b226-9da230d26581,2025-03-12T12:52:30.370881,ACCT-28116729,TRANSFER,436.83,,ACCT-99895150,false
92bb8d72-463b-47f6-bb11-36dcce497430,2025-03-12T15:05:03.370881,ACCT-58867709,WITHDRAWAL,375.96,,,false
299fd977-071d-42c3-8411-bd8b730570a6,2025-03-12T18:08:45.370881,ACCT-71891780,TRANSFER,881.23,,ACCT-50899195,false
240c5407-6b76-4160-8106-1c7dac7d59f2,2025-03-12T18:38:18.370881,ACCT-31544476,DEPOSIT,2488.61,,,false
94c322b1-9841-4f2c-9e2d-25f49c128691,2025-03-12T21:51:51.370881,ACCT-88412778,PAYMENT,357.11,OTHER-4688,,false
48e46f47-fa35-4058-a6e8-8fe6651302c6,2025-03-12T23:46:24.370881,ACCT-35341001,DEPOSIT,297.27,,,false
60654954-6b5f-44c1-b041-878ea76bde9a,2025-03-13T00:19:25.370881,ACCT-50619663,TRANSFER,262.98,,ACCT-26348472,false
d3043493-1be6-46ae-a335-89292fbf60d5,2025-03-13T00:55:29.370881,ACCT-79599064,WITHDRAWAL,240.43,,,false
c5cf6cdf-3e00-484a-8305-54ca72454a28,2025-03-13T02:16:23.370881,ACCT-39605782,DEPOSIT,2935.3,,,false
26e57903-a257-4a6e-9430-e086b410da6e,2025-03-13T02:37:00.370881,ACCT-47572011,TRANSFER,436.66,,ACCT-58867709,false
b9a2326a-197c-4111-8822-fdbb51369bc2,2025-03-13T09:32:25.370881,ACCT-58601071,PAYMENT,690.69,OTHER-5184,,false
245fd5d3-5ecd-4ab3-8ece-e8c702a26d5b,2025-03-13T09:37:41.370881,ACCT-40963701,PAYMENT,884.75,DINING-2394,,false
937de16c-cd33-4703-b5c2-e2a4ea98d00e,2025-03-13T13:39:37.370881,ACCT-50619663,WITHDRAWAL,444.98,,,false
b294bbd5-0f25-498e-9da8-c52f9809d31e,2025-03-13T16:08:51.370881,ACCT-54701763,WITHDRAWAL,324.35,,,true
bc7d85a1-a743-419a-acb4-9a2bccf301e9,2025-03-13T19:41:29.370881,ACCT-77718113,TRANSFER,539.51,,ACCT-27776032,false
d1e6f052-4ac4-473c-9aa8-fbdd80883fec,2025-03-13T21:27:07.370881,ACCT-65525050,DEPOSIT,4126.25,,,false
6bdb2f56-87dd-40b3-9522-6c7c253a2ab7,2025-03-14T08:11:42.370881,ACCT-61216483,TRANSFER,1145.38,,ACCT-79976509,false
2e2ecfb4-4ccd-4022-808a-2d9cebb43db8,2025-03-14T10:24:56.370881,ACCT-21314215,PAYMENT,969.69,ENTERTAINMENT-7488,,false
9f6489d1-be02-4a54-85fc-644652c337de,2025-03-14T20:57:18.370881,ACCT-93739890,DEPOSIT,712.28,,,false
08105732-d5d0-4fed-afb6-265ce0ae4d96,2025-03-14T22:56:00.370881,ACCT-30875391,TRANSFER,1816.85,,ACCT-61049884,false
e1d08e63-6f2b-4fb3-b0f5-d32e250ded22,2025-03-15T00:02:24.370881,ACCT-58725413,PAYMENT,477.29,TRAVEL-3051,,false
fcb2e7a0-288f-4ae1-8f1b-5f83cc236e48,2025-03-15T00:51:08.370881,ACCT-48762641,TRANSFER,1401.82,,ACCT-38974768,false
d376f426-a109-4b7b-b154-f133e19a98d8,2025-03-15T02:27:18.370881,ACCT-48795662,PAYMENT,580.9,DINING-7065,,false
5c4f42a4-15fb-436b-bc96-6f89a6c09007,2025-03-15T06:46:30.370881,ACCT-49272760,PAYMENT,384.23,RETAIL-8512,,false
2ba5666d-7263-4701-8a88-717fa8c73be2,2025-03-15T14:42:11.370881,ACCT-44126297,WITHDRAWAL,459.27,,,false
aaf098bf-938f-4af9-860b-2c9d4b851d82,2025-03-15T23:26:03.370881,ACCT-68059381,WITHDRAWAL,308.07,,,false
c3b9df27-7576-4722-82e4-c6c109618faf,2025-03-16T06:43:13.370881,ACCT-38470133,WITHDRAWAL,202.27,,,false
2a28aa05-ce9c-4a1d-b9a2-301ed31850c9,2025-03-16T10:47:09.370881,ACCT-30842715,PAYMENT,283.84,OTHER-5911,,false
9d415554-43f3-4d28-829a-1bdb43908324,2025-03-16T23:09:38.370881,ACCT-89276483,WITHDRAWAL,330.91,,,false
b76f771a-d15d-443b-8356-208456f187ea,2025-03-17T07:25:07.370881,ACCT-50619663,WITHDRAWAL,92.27,,,false
530c19f1-969b-4fb9-8888-87b18f9a39cb,2025-03-17T16:24:09.370881,ACCT-44070834,TRANSFER,320.31,,ACCT-89276483,false
73eeaa4e-b656-4239-814b-b4cb67547c27,2025-03-17T18:45:51.370881,ACCT-52995320,DEPOSIT,742.21,,,false
03bd6f85-e33c-4ade-a89d-9dc11603a69c,2025-03-17T20:12:55.370881,ACCT-20350211,DEPOSIT,1310.25,,,false
173b1de8-dd8c-45f5-a593-fb9a0c4cf6e9,2025-03-17T22:49:59.370881,ACCT-70744888,TRANSFER,787.54,,ACCT-40963701,false
e0986485-6847-426c-a763-7e3b24152903,2025-03-18T01:49:37.370881,ACCT-30875391,TRANSFER,945.68,,ACCT-88412778,false
f9783b38-9958-4b9c-bdcc-c3bfe0bbafb0,2025-03-18T22:30:48.370881,ACCT-39444934,TRANSFER,1406.01,,ACCT-21314215,false
b98981a5-7d9e-49d8-965f-36f7a5c1a118,2025-03-19T07:38:39.370881,ACCT-26191148,PAYMENT,13.44,ENTERTAINMENT-3674,,false
604953ba-1a70-4b4a-b8c2-214925674c2b,2025-03-19T09:58:15.370881,ACCT-21314215,TRANSFER,327.47,,ACCT-51357227,false
b6f4c08e-d353-4930-88be-134a2e37c53f,2025-03-20T03:16:47.370881,ACCT-33034740,PAYMENT,296.21,RETAIL-7847,,false
08d439a1-b1ad-4c9c-a6ff-d96bad0fa8ae,2025-03-20T03:59:24.370881,ACCT-95403309,WITHDRAWAL,356.4,,,false
907bf333-f517-44fb-ad73-15a30bc7737f,2025-03-20T08:17:04.370881,ACCT-36822353,TRANSFER,335.97,,ACCT-38470133,false
addd44e4-6a56-4d0d-b96e-d9efa4ed34d1,2025-03-20T08:47:45.370881,ACCT-40963701,WITHDRAWAL,271.33,,,false
7809e709-d4f8-4aee-9ac0-055272514008,2025-03-20T17:23:23.370881,ACCT-71891780,TRANSFER,692.09,,ACCT-74869828,false
8c2bd627-e790-4b78-84ea-5d58dd313a5e,2025-03-20T20:44:17.370881,ACCT-88412778,DEPOSIT,3679.91,,,false
6352b783-de11-415e-ba1d-54a06c962c4f,2025-03-20T22:48:31.370881,ACCT-58867709,TRANSFER,423.37,,ACCT-19318406,false
2bb90657-659e-4783-901e-a2de55f3bf8d,2025-03-21T01:33:29.370881,ACCT-86085000,PAYMENT,706.49,OTHER-7393,,false
9fbccb1f-1651-42b3-8b80-607846675225,2025-03-21T02:35:53.370881,ACCT-92441006,PAYMENT,435.01,GROCERY-3896,,false
8079b35d-4f1d-42eb-8267-2638534c1ca9,2025-03-21T08:32:19.370881,ACCT-39444934,WITHDRAWAL,341.51,,,false
c60a5d5f-e539-41b1-8519-9d0e4ecc93a1,2025-03-21T09:06:01.370881,ACCT-30875391,PAYMENT,656.23,RETAIL-7908,,false
ee55cfa7-fde1-4e65-86d1-851fd1b43791,2025-03-21T15:40:59.370881,ACCT-17549530,PAYMENT,342.73,OTHER-1504,,false
12b8b1a0-43dd-49dc-b77d-8ad1408f32fc,2025-03-21T19:53:23.370881,ACCT-56648485,TRANSFER,676.23,,ACCT-68336777,false
5ad7a041-ac26-4872-a121-37863871dd4e,2025-03-21T21:15:23.370881,ACCT-29089481,PAYMENT,875.39,GROCERY-7656,,true
f2b758b7-d32b-47f0-935b-3f37cdc745e0,2025-03-21T22:33:10.370881,ACCT-92867176,DEPOSIT,2487.49,,,false
5381196d-b6c8-431f-927c-b092414603a5,2025-03-21T22:43:54.370881,ACCT-73019227,WITHDRAWAL,74.85,,,false
33d22b42-1382-4df0-bdd4-65b08645e1ff,2025-03-22T00:17:25.370881,ACCT-74869828,TRANSFER,1161.9,,ACCT-73019227,false
eba49b0c-ea81-47a9-8dfd-93a1d4ab412c,2025-03-22T10:24:28.370881,ACCT-59947824,DEPOSIT,3484.72,,,false
4464d2c2-716c-4473-a1f4-705cc530113a,2025-03-22T13:47:46.370881,ACCT-17549530,WITHDRAWAL,302.72,,,false
65878915-f77d-40f0-a491-dccd62694d31,2025-03-23T00:14:37.370881,ACCT-40963701,PAYMENT,360.42,RETAIL-5246,,false
4946fb12-ad0f-47f6-8d97-e434d48978fc,2025-03-23T02:02:19.370881,ACCT-27105545,TRANSFER,1897.11,,ACCT-99895150,false
4d926fb5-45cc-40bd-91f5-956d19317d38,2025-03-23T02:19:45.370881,ACCT-28116729,TRANSFER,1404.62,,ACCT-92441006,false
